<?xml version="1.0"?>
<doc>
    <assembly>
        <name>AquaMonitor</name>
    </assembly>
    <members>
        <member name="T:AquaMonitor.Web.Controllers.AccountController">
            <summary>
            Account level controller
            </summary>
        </member>
        <member name="M:AquaMonitor.Web.Controllers.AccountController.#ctor(AquaMonitor.Data.Context.AquaDbContext,Microsoft.AspNetCore.Identity.UserManager{AquaMonitor.Data.Models.AppUser},Microsoft.AspNetCore.Identity.SignInManager{AquaMonitor.Data.Models.AppUser})">
            <summary>
            CTor
            </summary>
            <param name="dbContext"></param>
            <param name="userManager"></param>
            <param name="signInManager"></param>
        </member>
        <member name="M:AquaMonitor.Web.Controllers.AccountController.Login(AquaMonitor.Data.Models.AppUser)">
            <summary>
            Action used to login into system
            </summary>
            <param name="appUser"></param>
            <returns></returns>
        </member>
        <member name="M:AquaMonitor.Web.Controllers.AccountController.LogOut">
            <summary>
            Used to logout
            </summary>
            <returns></returns>
        </member>
        <member name="M:AquaMonitor.Web.Controllers.AccountController.Profile">
            <summary>
            Gets the user profile
            </summary>
            <returns></returns>
        </member>
        <member name="M:AquaMonitor.Web.Controllers.AccountController.UpdateProfile(AquaMonitor.Data.Models.PasswordModel)">
            <summary>
            Updates the user profile
            </summary>
            <param name="input"></param>
            <returns></returns>
        </member>
        <member name="T:AquaMonitor.Web.Controllers.CameraController">
            <summary>
            Camera Image Controller
            </summary>
        </member>
        <member name="M:AquaMonitor.Web.Controllers.CameraController.#ctor(Microsoft.Extensions.Logging.ILogger{AquaMonitor.Web.Controllers.CameraController},AquaMonitor.Data.Models.IGlobalState)">
            <summary>
            CTor
            </summary>
            <param name="logger"></param>
            <param name="globalConfig"></param>
        </member>
        <member name="M:AquaMonitor.Web.Controllers.CameraController.Get">
            <summary>
            Gets the most recent camera image
            </summary>
            <returns>JPG</returns>
        </member>
        <member name="T:AquaMonitor.Web.Controllers.HomeController">
            <summary>
            Home controller
            </summary>
        </member>
        <member name="M:AquaMonitor.Web.Controllers.HomeController.#ctor(AquaMonitor.Data.Models.IGlobalState,AquaMonitor.Data.Context.AquaDbContext)">
            <summary>
            CTor
            </summary>
            <param name="globalData"></param>
            <param name="dbContext"></param>
        </member>
        <member name="M:AquaMonitor.Web.Controllers.HomeController.Index">
            <summary>
            Main Page
            </summary>
            <returns></returns>
        </member>
        <member name="M:AquaMonitor.Web.Controllers.HomeController.Tables">
            <summary>
            Partial table refresh
            </summary>
            <returns></returns>
        </member>
        <member name="M:AquaMonitor.Web.Controllers.HomeController.Headers">
            <summary>
            Partial header refresh
            </summary>
            <returns></returns>
        </member>
        <member name="M:AquaMonitor.Web.Controllers.HomeController.Settings">
            <summary>
            Settings Page
            </summary>
            <returns></returns>
        </member>
        <member name="M:AquaMonitor.Web.Controllers.HomeController.Readings">
            <summary>
            Settings Page
            </summary>
            <returns></returns>
        </member>
        <member name="M:AquaMonitor.Web.Controllers.HomeController.Charts">
            <summary>
            Settings Page
            </summary>
            <returns></returns>
        </member>
        <member name="M:AquaMonitor.Web.Controllers.HomeController.Error">
            <summary>
            Error view
            </summary>
            <returns></returns>
        </member>
        <member name="T:AquaMonitor.Web.Controllers.OutsideTempChartController">
            <summary>
            Temperature Chart Controller
            </summary>
        </member>
        <member name="M:AquaMonitor.Web.Controllers.OutsideTempChartController.#ctor(Microsoft.Extensions.Logging.ILogger{AquaMonitor.Web.Controllers.OutsideTempChartController},AquaMonitor.Data.Context.AquaDbContext)">
            <summary>
            Ctor
            </summary>
            <param name="logger"></param>
            <param name="dbContext"></param>
        </member>
        <member name="M:AquaMonitor.Web.Controllers.OutsideTempChartController.Get(System.DateTime,System.DateTime)">
            <summary>
            Gets the ChartJS for the given date range
            </summary>
            <param name="startDate"></param>
            <param name="endDate"></param>
            <returns></returns>
        </member>
        <member name="T:AquaMonitor.Web.Controllers.ReadingController">
            <summary>
            Reading Controller
            </summary>
        </member>
        <member name="M:AquaMonitor.Web.Controllers.ReadingController.#ctor(Microsoft.Extensions.Logging.ILogger{AquaMonitor.Web.Controllers.ReadingController},AquaMonitor.Data.Context.AquaDbContext)">
            <summary>
            Ctor
            </summary>
            <param name="logger"></param>
            <param name="dbContext"></param>
        </member>
        <member name="M:AquaMonitor.Web.Controllers.ReadingController.Get(System.String,System.DateTime,System.DateTime)">
            <summary>
            Gets the ChartJS for the given date range
            </summary>
            <param name="startDate"></param>
            <param name="endDate"></param>
            <param name="type">Reading Type</param>
            <returns></returns>
        </member>
        <member name="M:AquaMonitor.Web.Controllers.ReadingController.Get(System.Int32)">
            <summary>
            Gets the ChartJS for the given date range
            </summary>
            <param name="id"></param>
            <returns></returns>
        </member>
        <member name="M:AquaMonitor.Web.Controllers.ReadingController.Post(AquaMonitor.Web.Models.ReadingRequestModel)">
            <summary>
            Create new reading
            </summary>
            <param name="newReading"></param>
            <returns></returns>
        </member>
        <member name="T:AquaMonitor.Web.Controllers.RelayChartController">
            <summary>
            Relay Chart Controller
            </summary>
        </member>
        <member name="M:AquaMonitor.Web.Controllers.RelayChartController.#ctor(Microsoft.Extensions.Logging.ILogger{AquaMonitor.Web.Controllers.RelayChartController},AquaMonitor.Data.Context.AquaDbContext)">
            <summary>
            Ctor
            </summary>
            <param name="logger"></param>
            <param name="dbContext"></param>
        </member>
        <member name="M:AquaMonitor.Web.Controllers.RelayChartController.Get(System.DateTime,System.DateTime)">
            <summary>
            Gets the ChartJS for the given date range
            </summary>
            <param name="startDate"></param>
            <param name="endDate"></param>
            <returns></returns>
        </member>
        <member name="T:AquaMonitor.Web.Controllers.RelayConfigController">
            <summary>
            Relay Controller
            </summary>
        </member>
        <member name="M:AquaMonitor.Web.Controllers.RelayConfigController.#ctor(Microsoft.Extensions.Logging.ILogger{AquaMonitor.Web.Controllers.RelayConfigController},AquaMonitor.Data.Context.AquaDbContext,AquaMonitor.Data.Models.IGlobalState)">
            <summary>
            CTor
            </summary>
            <param name="logger"></param>
            <param name="dbContext"></param>
            <param name="globalData"></param>
        </member>
        <member name="M:AquaMonitor.Web.Controllers.RelayConfigController.Post(AquaMonitor.Web.Models.PowerRelayRequestMessageModel)">
            <summary>
            Updates the relays in the system
            </summary>
            <param name="request"></param>
            <returns></returns>
        </member>
        <member name="T:AquaMonitor.Web.Controllers.RelayController">
            <summary>
            Relay Controller
            </summary>
        </member>
        <member name="M:AquaMonitor.Web.Controllers.RelayController.#ctor(Microsoft.Extensions.Logging.ILogger{AquaMonitor.Web.Controllers.RelayController},AquaMonitor.Web.Global.IPowerRelayService)">
            <summary>
            CTor
            </summary>
            <param name="logger"></param>
            <param name="relayService"></param>
        </member>
        <member name="M:AquaMonitor.Web.Controllers.RelayController.Post(AquaMonitor.Web.Models.RelayRequestMessageModel)">
            <summary>
            Changes the state of the requested relay
            </summary>
            <param name="request"></param>
            <returns></returns>
        </member>
        <member name="T:AquaMonitor.Web.Controllers.SettingsController">
            <summary>
            Relay Controller
            </summary>
        </member>
        <member name="M:AquaMonitor.Web.Controllers.SettingsController.#ctor(Microsoft.Extensions.Logging.ILogger{AquaMonitor.Web.Controllers.SettingsController},AquaMonitor.Data.Models.IGlobalState,AquaMonitor.Data.Context.AquaDbContext)">
            <summary>
            CTor
            </summary>
            <param name="logger"></param>
            <param name="globalData"></param>
            <param name="dbContext"></param>
        </member>
        <member name="M:AquaMonitor.Web.Controllers.SettingsController.Post(AquaMonitor.Web.Models.SettingsRequestMessageModel)">
            <summary>
            Changes the state of the requested relay
            </summary>
            <param name="request"></param>
            <returns></returns>
        </member>
        <member name="T:AquaMonitor.Web.Controllers.SkyController">
            <summary>
            Sky Image Controller
            </summary>
        </member>
        <member name="M:AquaMonitor.Web.Controllers.SkyController.#ctor(Microsoft.Extensions.Logging.ILogger{AquaMonitor.Web.Controllers.SkyController},AquaMonitor.Web.Services.SkyService)">
            <summary>
            CTor
            </summary>
            <param name="logger"></param>
            <param name="skyService"></param>
        </member>
        <member name="M:AquaMonitor.Web.Controllers.SkyController.Get(System.Nullable{System.DateTime},System.Nullable{System.DateTime})">
            <summary>
            Gets the most recent camera image
            </summary>
            <returns>JPG</returns>
        </member>
        <member name="T:AquaMonitor.Web.Controllers.SystemController">
            <summary>
            Relay Controller
            </summary>
        </member>
        <member name="M:AquaMonitor.Web.Controllers.SystemController.#ctor(Microsoft.Extensions.Logging.ILogger{AquaMonitor.Web.Controllers.SystemController},AquaMonitor.Data.Models.IGlobalState)">
            <summary>
            CTor
            </summary>
            <param name="logger"></param>
            <param name="globalData"></param>
        </member>
        <member name="M:AquaMonitor.Web.Controllers.SystemController.Post(AquaMonitor.Web.Models.SystemRequestMessageModel)">
            <summary>
            Changes the state of the requested relay
            </summary>
            <param name="request"></param>
            <returns></returns>
        </member>
        <member name="T:AquaMonitor.Web.Controllers.TempChartController">
            <summary>
            Temperature Chart Controller
            </summary>
        </member>
        <member name="M:AquaMonitor.Web.Controllers.TempChartController.#ctor(Microsoft.Extensions.Logging.ILogger{AquaMonitor.Web.Controllers.TempChartController},AquaMonitor.Data.Context.AquaDbContext)">
            <summary>
            Ctor
            </summary>
            <param name="logger"></param>
            <param name="dbContext"></param>
        </member>
        <member name="M:AquaMonitor.Web.Controllers.TempChartController.Get(System.DateTime,System.DateTime)">
            <summary>
            Gets the ChartJS for the given date range
            </summary>
            <param name="startDate"></param>
            <param name="endDate"></param>
            <returns></returns>
        </member>
        <member name="T:AquaMonitor.Web.Controllers.WaterChartController">
            <summary>
            Water Chart Controller
            </summary>
        </member>
        <member name="M:AquaMonitor.Web.Controllers.WaterChartController.#ctor(Microsoft.Extensions.Logging.ILogger{AquaMonitor.Web.Controllers.WaterChartController},AquaMonitor.Data.Context.AquaDbContext)">
            <summary>
            Ctor
            </summary>
            <param name="logger"></param>
            <param name="dbContext"></param>
        </member>
        <member name="M:AquaMonitor.Web.Controllers.WaterChartController.Get(System.DateTime,System.DateTime)">
            <summary>
            Gets the ChartJS for the given date range
            </summary>
            <param name="startDate"></param>
            <param name="endDate"></param>
            <returns></returns>
        </member>
        <member name="T:AquaMonitor.Web.Controllers.WaterConfigController">
            <summary>
            WaterLevel Controller
            </summary>
        </member>
        <member name="M:AquaMonitor.Web.Controllers.WaterConfigController.#ctor(Microsoft.Extensions.Logging.ILogger{AquaMonitor.Web.Controllers.WaterConfigController},AquaMonitor.Data.Context.AquaDbContext,AquaMonitor.Data.Models.IGlobalState)">
            <summary>
            CTor
            </summary>
            <param name="logger"></param>
            <param name="dbContext"></param>
            <param name="globalData"></param>
        </member>
        <member name="M:AquaMonitor.Web.Controllers.WaterConfigController.Post(AquaMonitor.Web.Models.WaterLevelRequestMessageModel)">
            <summary>
            Updates the waterlevels in the system
            </summary>
            <param name="request"></param>
            <returns></returns>
        </member>
        <member name="T:AquaMonitor.Web.Devices.Htu21D">
            <summary>
            Humidity and Temperature Sensor Htu21D
            </summary>
        </member>
        <member name="P:AquaMonitor.Web.Devices.Htu21D.EnableErrorCorrection">
            <summary>
            Enables Humidity Correction
            </summary>
        </member>
        <member name="P:AquaMonitor.Web.Devices.Htu21D.Resolution">
            <summary>
            Htu21D Resolution
            </summary>
        </member>
        <member name="P:AquaMonitor.Web.Devices.Htu21D.Temperature">
            <summary>
            Htu21D Temperature
            </summary>
        </member>
        <member name="P:AquaMonitor.Web.Devices.Htu21D.Humidity">
            <summary>
            Htu21D Relative Humidity (%)
            </summary>
        </member>
        <member name="P:AquaMonitor.Web.Devices.Htu21D.CompensatedHumidity">
            <summary>
            Humidity compensated for the temperature
            </summary>
        </member>
        <member name="P:AquaMonitor.Web.Devices.Htu21D.IsLastReadSuccessful">
            <summary>
            Returns true or false if the last read was successful
            </summary>
        </member>
        <member name="P:AquaMonitor.Web.Devices.Htu21D.DewPoint">
            <summary>
            Gets the computed dew point
            </summary>
        </member>
        <member name="P:AquaMonitor.Web.Devices.Htu21D.Heater">
            <summary>
            Htu21D Heater
            </summary>
        </member>
        <member name="M:AquaMonitor.Web.Devices.Htu21D.CreateDevice(System.Int32,AquaMonitor.Web.Devices.I2cAddress,AquaMonitor.Web.Devices.Resolution)">
            <summary>
            Creates a Htu21D temperature device
            </summary>
            <param name="busId"></param>
            <param name="address"></param>
            <param name="resolution"></param>
            <returns></returns>
        </member>
        <member name="M:AquaMonitor.Web.Devices.Htu21D.#ctor(System.Device.I2c.I2cDevice,AquaMonitor.Web.Devices.Resolution)">
            <summary>
            Creates a new instance of the Htu21D
            </summary>
            <param name="i2CDevice">The I2C device used for communication.</param>
            <param name="resolution">Htu21D Read Resolution</param>
        </member>
        <member name="M:AquaMonitor.Web.Devices.Htu21D.Dispose">
            <summary>
            Cleanup
            </summary>
        </member>
        <member name="M:AquaMonitor.Web.Devices.Htu21D.Reset">
            <summary>
            Htu21D Soft Reset
            </summary>
        </member>
        <member name="M:AquaMonitor.Web.Devices.Htu21D.SetResolution(AquaMonitor.Web.Devices.Resolution)">
            <summary>
            Set Htu21D Resolution
            </summary>
            <param name="newResolution">Resolution is the quality of the temp and humidity data gathering</param>
        </member>
        <member name="M:AquaMonitor.Web.Devices.Htu21D.SetHeater(System.Boolean)">
            <summary>
            Set Htu21D Heater
            </summary>
            <param name="isOn">Heater on when value is true</param>
        </member>
        <member name="M:AquaMonitor.Web.Devices.Htu21D.ReadHumidity">
            <summary>
            Read Humidity
            </summary>
        </member>
        <member name="M:AquaMonitor.Web.Devices.Htu21D.ReadTemp">
            <summary>
            Read Humidity
            </summary>
        </member>
        <member name="M:AquaMonitor.Web.Devices.Htu21D.CheckCrc8(System.Byte[],System.Byte)">
            <summary>
            8-bit CRC Checksum Calculation
            </summary>
            <param name="data">Raw Data</param>
            <param name="crc8">Raw CRC8</param>
            <returns>Checksum is true or false</returns>
        </member>
        <member name="M:AquaMonitor.Web.Devices.Htu21D.ReadBits(AquaMonitor.Web.Devices.Register,System.Int32)">
            <summary>
            Reads the register and returns the byte read
            </summary>
            <param name="register"></param>
            <param name="byteLength"></param>
            <returns></returns>
        </member>
        <member name="M:AquaMonitor.Web.Devices.Htu21D.WriteBits(AquaMonitor.Web.Devices.Register,System.Nullable{AquaMonitor.Web.Devices.ResolutionBits},System.Nullable{AquaMonitor.Web.Devices.HeaterBits})">
            <summary>
            Writes bits to the user register
            </summary>
            <param name="register"></param>
            <param name="resolutionValue"></param>
            <param name="heaterValue"></param>
        </member>
        <member name="M:AquaMonitor.Web.Devices.Htu21D.WriteRead(AquaMonitor.Web.Devices.Register,System.Int32)">
            <summary>
            Writes then reads the result
            </summary>
            <param name="register"></param>
            <param name="readLength"></param>
            <returns></returns>
        </member>
        <member name="M:AquaMonitor.Web.Devices.Htu21D.Write(AquaMonitor.Web.Devices.Register,System.Nullable{System.Byte})">
            <summary>
            Writes out
            </summary>
            <param name="register"></param>
            <param name="data"></param>
        </member>
        <member name="M:AquaMonitor.Web.Devices.Htu21D.DisposeI2C">
            <summary>
            Dispose the static device instance
            </summary>
        </member>
        <member name="T:AquaMonitor.Web.Devices.I2cAddress">
            <summary>
            SHT3x I2C Address
            </summary>
        </member>
        <member name="F:AquaMonitor.Web.Devices.I2cAddress.AddrLow">
            <summary>
            ADDR (pin2) connected to logic low (Default)
            </summary>
        </member>
        <member name="F:AquaMonitor.Web.Devices.I2cAddress.AddrHigh">
            <summary>
            ADDR (pin2) connected to logic high
            </summary>
        </member>
        <member name="T:AquaMonitor.Web.Devices.Register">
            <summary>
            SHT3x Register
            </summary>
        </member>
        <member name="T:AquaMonitor.Web.Devices.Resolution">
            <summary>
            Htu21D Resolution
            </summary>
        </member>
        <member name="F:AquaMonitor.Web.Devices.Resolution.High">
            <summary>High resolution</summary>
        </member>
        <member name="F:AquaMonitor.Web.Devices.Resolution.Medium">
            <summary>Medium resolution</summary>
        </member>
        <member name="F:AquaMonitor.Web.Devices.Resolution.Low">
            <summary>Low resolution</summary>
        </member>
        <member name="T:AquaMonitor.Web.Devices.Uln2003Beta">
            <summary>
            This class is for controlling stepper motors that are controlled by a 4 pin controller board.
            </summary>
            <remarks>It is tested and developed using the 28BYJ-48 stepper motor and the ULN2003 driver board.</remarks>
        </member>
        <member name="F:AquaMonitor.Web.Devices.Uln2003Beta.StepperMotorDefaultDelay">
            <summary>
            Default delay in microseconds.
            </summary>
        </member>
        <member name="M:AquaMonitor.Web.Devices.Uln2003Beta.#ctor(System.Int32,System.Int32,System.Int32,System.Int32,System.Device.Gpio.GpioController,System.Boolean,System.Int32)">
            <summary>
            Initialize a Uln2003 class.
            </summary>
            <param name="pin1">The GPIO pin number which corresponds pin A on ULN2003 driver board.</param>
            <param name="pin2">The GPIO pin number which corresponds pin B on ULN2003 driver board.</param>
            <param name="pin3">The GPIO pin number which corresponds pin C on ULN2003 driver board.</param>
            <param name="pin4">The GPIO pin number which corresponds pin D on ULN2003 driver board.</param>
            <param name="controller">The controller.</param>
            <param name="shouldDispose">True to dispose the Gpio Controller</param>
            <param name="stepsToRotate">Amount of steps needed to rotate motor once in HalfStepMode.</param>
        </member>
        <member name="P:AquaMonitor.Web.Devices.Uln2003Beta.RPM">
            <summary>
            Sets the motor speed to revolutions per minute.
            </summary>
            <remarks>Default revolutions per minute for 28BYJ-48 is approximately 15.</remarks>
        </member>
        <member name="P:AquaMonitor.Web.Devices.Uln2003Beta.Mode">
            <summary>
            Sets the stepper's mode.
            </summary>
        </member>
        <member name="M:AquaMonitor.Web.Devices.Uln2003Beta.Stop">
            <summary>
            Stop the motor.
            </summary>
        </member>
        <member name="M:AquaMonitor.Web.Devices.Uln2003Beta.Step(System.Int32)">
            <summary>
            Moves the motor. If the number is negative, the motor moves in the reverse direction.
            </summary>
            <param name="steps">Number of steps.</param>
        </member>
        <member name="M:AquaMonitor.Web.Devices.Uln2003Beta.Rotate(System.Int32)">
            <summary>
            Rotates the motor. If the number is negative, the motor moves in the reverse direction.
            </summary>
            <param name="rotations">Number of rotations.</param>
        </member>
        <member name="M:AquaMonitor.Web.Devices.Uln2003Beta.Dispose">
            <inheritdoc/>
        </member>
        <member name="T:AquaMonitor.Web.Devices.ResolutionBits">
            <summary>
            User Bits Flags
            </summary>
        </member>
        <member name="F:AquaMonitor.Web.Devices.ResolutionBits.Humidity12BitTemp14Bit">
            <summary>
            High
            </summary>
        </member>
        <member name="F:AquaMonitor.Web.Devices.ResolutionBits.Humidity8BitTemp12Bit">
            <summary>
            Low
            </summary>
        </member>
        <member name="F:AquaMonitor.Web.Devices.ResolutionBits.Humidity10BitTemp13Bit">
            <summary>
            Medium
            </summary>
        </member>
        <member name="F:AquaMonitor.Web.Devices.ResolutionBits.Humidity11BitTemp11Bit">
            <summary>
            Unused
            </summary>
        </member>
        <member name="T:AquaMonitor.Web.Devices.HeaterBits">
            <summary>
            Bits for heater
            </summary>
        </member>
        <member name="F:AquaMonitor.Web.Devices.HeaterBits.OnChipHeaterOn">
            <summary>
            On flag
            </summary>
        </member>
        <member name="F:AquaMonitor.Web.Devices.HeaterBits.OnChipHeaterOff">
            <summary>
            Off flag
            </summary>
        </member>
        <member name="T:AquaMonitor.Web.Devices.ByteShop">
            <summary>
            Allows bit manipulation
            </summary>
        </member>
        <member name="M:AquaMonitor.Web.Devices.ByteShop.BitState(System.Byte,System.Int32)">
            <summary>
            Returns the Bit State
            </summary>
            <param name="src"></param>
            <param name="position"></param>
            <returns></returns>
        </member>
        <member name="M:AquaMonitor.Web.Devices.ByteShop.BitOn(System.Byte,System.Int32)">
            <summary>
            Turns a bit on a given position
            </summary>
            <param name="src"></param>
            <param name="position"></param>
            <returns></returns>
        </member>
        <member name="M:AquaMonitor.Web.Devices.ByteShop.BitOff(System.Byte,System.Int32)">
            <summary>
            Turns a bit off at a given position
            </summary>
            <param name="src"></param>
            <param name="position"></param>
            <returns></returns>
        </member>
        <member name="T:AquaMonitor.Web.Global.IPowerRelayService">
            <summary>
            Relay Power Interface
            </summary>
        </member>
        <member name="M:AquaMonitor.Web.Global.IPowerRelayService.GetState(AquaMonitor.Data.Models.RelayLocation)">
            <summary>
            Gets the state of the relay
            </summary>
            <param name="relay"></param>
            <returns></returns>
        </member>
        <member name="M:AquaMonitor.Web.Global.IPowerRelayService.SetState(AquaMonitor.Data.Models.RelayLocation,AquaMonitor.Data.Models.PowerState)">
            <summary>
            Sets the state of the relay
            </summary>
            <param name="relay"></param>
            <param name="active"></param>
        </member>
        <member name="T:AquaMonitor.Web.Global.PowerRelayService">
            <summary>
            Access to power relays
            </summary>
        </member>
        <member name="M:AquaMonitor.Web.Global.PowerRelayService.#ctor(Microsoft.Extensions.Logging.ILogger{AquaMonitor.Web.Global.PowerRelayService},AquaMonitor.Data.Models.IGlobalState)">
            <summary>
            CTor
            </summary>
            <param name="globalData"></param>
            <param name="logger"></param>
        </member>
        <member name="M:AquaMonitor.Web.Global.PowerRelayService.GetPin(AquaMonitor.Data.Models.RelayLocation)">
            <summary>
            gets the underlying pin #
            </summary>
            <param name="relay"></param>
            <returns></returns>
        </member>
        <member name="M:AquaMonitor.Web.Global.PowerRelayService.GetState(AquaMonitor.Data.Models.RelayLocation)">
            <summary>
            Gets the state of the relay
            </summary>
            <param name="relay"></param>
            <returns></returns>
        </member>
        <member name="M:AquaMonitor.Web.Global.PowerRelayService.SetState(AquaMonitor.Data.Models.RelayLocation,AquaMonitor.Data.Models.PowerState)">
            <summary>
            Sets the state of the relay
            </summary>
            <param name="relay"></param>
            <param name="active"></param>
        </member>
        <member name="T:AquaMonitor.Web.Helpers.ChartHelper">
            <summary>
            Chart helper
            </summary>
        </member>
        <member name="M:AquaMonitor.Web.Helpers.ChartHelper.GetChartAsync``1(AquaMonitor.Data.Context.AquaDbContext,System.DateTime,System.DateTime)">
            <summary>
            Generate a chart of type T
            </summary>
            <typeparam name="T"></typeparam>
            <param name="context"></param>
            <param name="startDate"></param>
            <param name="endDate"></param>
            <returns></returns>
        </member>
        <member name="M:AquaMonitor.Web.Helpers.ChartHelper.GetChartAsync``1(AquaMonitor.Data.Context.AquaDbContext,AquaMonitor.Data.Models.ReadingType,System.DateTime,System.DateTime)">
            <summary>
            Generate a chart of Type T for readings
            </summary>
            <typeparam name="T"></typeparam>
            <param name="context"></param>
            <param name="type"></param>
            <param name="startDate"></param>
            <param name="endDate"></param>
            <returns></returns>
        </member>
        <member name="T:AquaMonitor.Web.Helpers.NormalAverageHelper">
            <summary>
            Average helper function to normalize data
            </summary>
        </member>
        <member name="M:AquaMonitor.Web.Helpers.NormalAverageHelper.NormalAverage(System.Collections.Generic.IEnumerable{System.Double})">
            <summary>
            Returns the normalized average of values
            </summary>
            <param name="entries"></param>
            <returns></returns>
        </member>
        <member name="M:AquaMonitor.Web.Helpers.NormalAverageHelper.NormalAverage``1(System.Collections.Generic.IEnumerable{``0},System.Func{``0,System.Double})">
            <summary>
            Returns the normalized average of values
            </summary>
            <param name="source"></param>
            <param name="selector"></param>
            <returns></returns>
        </member>
        <member name="M:AquaMonitor.Web.Helpers.NormalAverageHelper.AveragePowerState(System.Collections.Generic.IEnumerable{System.Linq.IGrouping{System.String,AquaMonitor.Data.Models.HistoryRecord}},System.Int32)">
            <summary>
            Returns the Average Power State using both average and noteworthy average
            </summary>
            <param name="records">Group of records over time</param>
            <param name="readerId">Id of reader you want to report on</param>
            <returns></returns>
        </member>
        <member name="M:AquaMonitor.Web.Helpers.NormalAverageHelper.AveragePowerState(System.Collections.Generic.IEnumerable{AquaMonitor.Data.Models.PowerState})">
            <summary>
            Returns the average power state over time
            </summary>
            <param name="entries"></param>
            <returns></returns>
        </member>
        <member name="M:AquaMonitor.Web.Helpers.NormalAverageHelper.AveragePowerState``1(System.Collections.Generic.IEnumerable{``0},System.Func{``0,AquaMonitor.Data.Models.PowerState})">
            <summary>
            Returns the average power state over time
            </summary>
            <param name="source"></param>
            <param name="selector"></param>
            <returns></returns>
        </member>
        <member name="M:AquaMonitor.Web.Helpers.NormalAverageHelper.NoteWorthyAveragePowerState(System.Collections.Generic.IEnumerable{AquaMonitor.Data.Models.PowerState},System.Int32)">
            <summary>
            Returns the average power state over time that is of note
            </summary>
            <param name="entries"></param>
            <param name="previous">Previous detected value</param>
            <returns></returns>
            /// <remarks>This will trigger an unlikely value if the previous value was the same</remarks>
        </member>
        <member name="M:AquaMonitor.Web.Helpers.NormalAverageHelper.NoteWorthyAveragePowerState``1(System.Collections.Generic.IEnumerable{``0},System.Func{``0,AquaMonitor.Data.Models.PowerState},System.Int32)">
            <summary>
            Returns the average power state over time that is of note
            </summary>
            <param name="source">source values</param>
            <param name="selector">selector to trim results</param>
            <param name="previous">Previous detected value</param>
            <returns></returns>
            <remarks>This will trigger an unlikely value if the previous value was the same</remarks>
        </member>
        <member name="M:AquaMonitor.Web.Helpers.NormalAverageHelper.AverageWaterState(System.Collections.Generic.IEnumerable{System.Linq.IGrouping{System.String,AquaMonitor.Data.Models.HistoryRecord}},System.Int32)">
            <summary>
            Returns the Average Water State using both average and noteworthy average
            </summary>
            <param name="records">Group of records over time</param>
            <param name="readerId">Id of reader you want to report on</param>
            <returns></returns>
        </member>
        <member name="M:AquaMonitor.Web.Helpers.NormalAverageHelper.AverageWaterState(System.Collections.Generic.IEnumerable{System.Boolean})">
            <summary>
            Returns the average power state over time
            </summary>
            <param name="entries"></param>
            <returns></returns>
        </member>
        <member name="M:AquaMonitor.Web.Helpers.NormalAverageHelper.AverageWaterState``1(System.Collections.Generic.IEnumerable{``0},System.Func{``0,System.Boolean})">
            <summary>
            Returns the average power state over time
            </summary>
            <param name="source"></param>
            <param name="selector"></param>
            <returns></returns>
        </member>
        <member name="M:AquaMonitor.Web.Helpers.NormalAverageHelper.NoteWorthyAverageWaterState(System.Collections.Generic.IEnumerable{System.Boolean},System.Int32)">
            <summary>
            Returns the average power state over time
            </summary>
            <param name="entries"></param>
            <param name="previous">Previous detected value</param>
            <returns></returns>
            <remarks>This will trigger an unlikely value if the previous value was the same</remarks>
        </member>
        <member name="M:AquaMonitor.Web.Helpers.NormalAverageHelper.NoteWorthyAverageWaterState``1(System.Collections.Generic.IEnumerable{``0},System.Func{``0,System.Boolean},System.Int32)">
            <summary>
            Returns the average power state over time
            </summary>
            <param name="source">source values</param>
            <param name="selector">selector to trim results</param>
            <param name="previous">Previous detected value</param>
            <returns></returns>
            <remarks>This will trigger an unlikely value if the previous value was the same</remarks>
        </member>
        <member name="T:AquaMonitor.Web.Models.ChartJSData`1">
            <summary>
            Chart values
            </summary>
        </member>
        <member name="P:AquaMonitor.Web.Models.ChartJSData`1.Label">
            <summary>
            Label for dataset
            </summary>
        </member>
        <member name="P:AquaMonitor.Web.Models.ChartJSData`1.BackgroundColor">
            <summary>
            Fill color for data area
            </summary>
        </member>
        <member name="P:AquaMonitor.Web.Models.ChartJSData`1.BorderColor">
            <summary>
            Stroke color for line
            </summary>
        </member>
        <member name="P:AquaMonitor.Web.Models.ChartJSData`1.PointBackgroundColor">
            <summary>
            Point color for when data is marked on chart
            </summary>
        </member>
        <member name="P:AquaMonitor.Web.Models.ChartJSData`1.PointBorderColor">
            <summary>
            Point stroke color for where data is marked on chart
            </summary>
        </member>
        <member name="P:AquaMonitor.Web.Models.ChartJSData`1.Fill">
            <summary>
            true or false to fill the line region
            </summary>
        </member>
        <member name="P:AquaMonitor.Web.Models.ChartJSData`1.Data">
            <summary>
            Data values to plot on the chart
            </summary>
        </member>
        <member name="T:AquaMonitor.Web.Models.ErrorViewModel">
            <summary>
            Error view model
            </summary>
        </member>
        <member name="P:AquaMonitor.Web.Models.ErrorViewModel.RequestId">
            <summary>
            Request ID
            </summary>
        </member>
        <member name="P:AquaMonitor.Web.Models.ErrorViewModel.ShowRequestId">
            <summary>
            True or false to show requestID
            </summary>
        </member>
        <member name="T:AquaMonitor.Web.Models.OutsideTempChartModel">
            <summary>
            Outside Temperature chart model
            </summary>
        </member>
        <member name="P:AquaMonitor.Web.Models.OutsideTempChartModel.Labels">
            <summary>
            labels for chart
            </summary>
        </member>
        <member name="P:AquaMonitor.Web.Models.OutsideTempChartModel.DataSets">
            <summary>
            Datasets to display
            </summary>
        </member>
        <member name="M:AquaMonitor.Web.Models.OutsideTempChartModel.#ctor">
            <summary>
            Create instance of the temp chart model
            </summary>
        </member>
        <member name="M:AquaMonitor.Web.Models.OutsideTempChartModel.#ctor(System.Collections.Generic.IEnumerable{AquaMonitor.Data.Models.HistoryRecord},System.TimeSpan)">
            <summary>
            Create instance of the temp chart model with data
            </summary>
            <param name="records"></param>
            <param name="range"></param>
        </member>
        <member name="T:AquaMonitor.Web.Models.PowerRelayRequestMessageModel">
            <summary>
            Relay request model for editing relays
            </summary>
        </member>
        <member name="P:AquaMonitor.Web.Models.PowerRelayRequestMessageModel.Relays">
            <summary>
            Array of relays
            </summary>
        </member>
        <member name="T:AquaMonitor.Web.Models.PowerRelayModel">
            <summary>
            Relay Model
            </summary>
        </member>
        <member name="P:AquaMonitor.Web.Models.PowerRelayModel.Id">
            <summary>
            Power Relay Id
            </summary>
        </member>
        <member name="P:AquaMonitor.Web.Models.PowerRelayModel.Name">
            <summary>
            Logical Name for Power Relay
            </summary>
        </member>
        <member name="P:AquaMonitor.Web.Models.PowerRelayModel.Letter">
            <summary>
            Logical Relay Letter
            </summary>
        </member>
        <member name="P:AquaMonitor.Web.Models.PowerRelayModel.Interval">
            <summary>
            Interval for Power Relay in seconds
            </summary>
        </member>
        <member name="P:AquaMonitor.Web.Models.PowerRelayModel.IntervalRun">
            <summary>
            Run time for Power Relay in seconds
            </summary>
        </member>
        <member name="P:AquaMonitor.Web.Models.PowerRelayModel.Start">
            <summary>
            Start time for Power to begin working
            </summary>
        </member>
        <member name="P:AquaMonitor.Web.Models.PowerRelayModel.Stop">
            <summary>
            Stop time for Power to stop working
            </summary>
        </member>
        <member name="P:AquaMonitor.Web.Models.PowerRelayModel.MinTempF">
            <summary>
            Min Temp to start operating - ideal for cool mode
            </summary>
        </member>
        <member name="P:AquaMonitor.Web.Models.PowerRelayModel.MaxTempF">
            <summary>
            Max Temp before stop operating - ideal for heat mode
            </summary>
        </member>
        <member name="P:AquaMonitor.Web.Models.PowerRelayModel.MinOutTempF">
            <summary>
            Min Outside Temp to start operating - ideal for cool mode
            </summary>
        </member>
        <member name="P:AquaMonitor.Web.Models.PowerRelayModel.MaxOutTempF">
            <summary>
            Max Outside Temp before stop operating - ideal for heat mode
            </summary>
        </member>
        <member name="P:AquaMonitor.Web.Models.PowerRelayModel.TempVariance">
            <summary>
            Variance before triggering an on/off operation from desired set temp
            </summary>
        </member>
        <member name="P:AquaMonitor.Web.Models.PowerRelayModel.WaterId">
            <summary>
            Power functions based on a water level ID
            </summary>
        </member>
        <member name="P:AquaMonitor.Web.Models.PowerRelayModel.OnWhenFloatHigh">
            <summary>
            Power is on when float is High (true float high power is on, false float is low power is on)
            </summary>
        </member>
        <member name="P:AquaMonitor.Web.Models.PowerRelayModel.Pin">
            <summary>
            The pin within the system board
            </summary>
        </member>
        <member name="M:AquaMonitor.Web.Models.PowerRelayModel.ToPowerRelay">
            <summary>
            Creates a power relay from the model
            </summary>
            <returns></returns>
        </member>
        <member name="M:AquaMonitor.Web.Models.PowerRelayModel.UpdateRelay(AquaMonitor.Data.Models.PowerRelay)">
            <summary>
            Updates a relay
            </summary>
            <param name="fromDb"></param>
        </member>
        <member name="T:AquaMonitor.Web.Models.ReadingChartJSModel">
            <summary>
            Reading chart JS model
            </summary>
        </member>
        <member name="P:AquaMonitor.Web.Models.ReadingChartJSModel.Labels">
            <summary>
            labels for chart
            </summary>
        </member>
        <member name="P:AquaMonitor.Web.Models.ReadingChartJSModel.DataSets">
            <summary>
            Datasets to display
            </summary>
        </member>
        <member name="M:AquaMonitor.Web.Models.ReadingChartJSModel.#ctor">
            <summary>
            Create instance of the temp chart model
            </summary>
        </member>
        <member name="M:AquaMonitor.Web.Models.ReadingChartJSModel.#ctor(System.Collections.Generic.IEnumerable{AquaMonitor.Data.Models.IReading},System.TimeSpan)">
            <summary>
            Creates a chart
            </summary>
            <param name="readings"></param>
            <param name="range"></param>
        </member>
        <member name="T:AquaMonitor.Web.Models.ReadingChartModel">
            <summary>
            Model to render a reading chart
            </summary>
        </member>
        <member name="P:AquaMonitor.Web.Models.ReadingChartModel.ChartCaption">
            <summary>
            Chart Caption
            </summary>
        </member>
        <member name="P:AquaMonitor.Web.Models.ReadingChartModel.Type">
            <summary>
            Type of chart to render
            </summary>
        </member>
        <member name="P:AquaMonitor.Web.Models.ReadingChartModel.Background">
            <summary>
            Background of chart
            </summary>
        </member>
        <member name="P:AquaMonitor.Web.Models.ReadingChartModel.AllReadings">
            <summary>
            Collection of all readings
            </summary>
        </member>
        <member name="M:AquaMonitor.Web.Models.ReadingChartModel.#ctor">
            <summary>
            CTOR
            </summary>
        </member>
        <member name="M:AquaMonitor.Web.Models.ReadingChartModel.#ctor(System.String,AquaMonitor.Data.Models.ReadingType,AquaMonitor.Data.Models.ReadingCollection)">
            <summary>
            CTOR
            </summary>
            <param name="caption"></param>
            <param name="type"></param>
            <param name="collection"></param>
        </member>
        <member name="M:AquaMonitor.Web.Models.ReadingChartModel.#ctor(System.String,AquaMonitor.Data.Models.ReadingType,AquaMonitor.Data.Models.ReadingCollection,System.String)">
            <summary>
            CTOR
            </summary>
            <param name="caption"></param>
            <param name="type"></param>
            <param name="collection"></param>
            <param name="background"></param>
        </member>
        <member name="T:AquaMonitor.Web.Models.ReadingRequestModel">
            <summary>
            Model to accept reading requests
            </summary>
        </member>
        <member name="P:AquaMonitor.Web.Models.ReadingRequestModel.Type">
            <summary>
            Type of reading
            </summary>
        </member>
        <member name="P:AquaMonitor.Web.Models.ReadingRequestModel.Value">
            <summary>
            Value of reading
            </summary>
        </member>
        <member name="P:AquaMonitor.Web.Models.ReadingRequestModel.Scale">
            <summary>
            Scale of reading
            </summary>
        </member>
        <member name="P:AquaMonitor.Web.Models.ReadingRequestModel.Location">
            <summary>
            Location of reading taken
            </summary>
        </member>
        <member name="P:AquaMonitor.Web.Models.ReadingRequestModel.Note">
            <summary>
            Notes of reading
            </summary>
        </member>
        <member name="P:AquaMonitor.Web.Models.ReadingRequestModel.Taken">
            <summary>
            Date time reading was taken
            </summary>
        </member>
        <member name="M:AquaMonitor.Web.Models.ReadingRequestModel.ToReading(System.String@)">
            <summary>
            Convert to reading
            </summary>
            <param name="errors"></param>
            <returns></returns>
        </member>
        <member name="T:AquaMonitor.Web.Models.RelayChartModel">
            <summary>
            Relay chart model
            </summary>
        </member>
        <member name="P:AquaMonitor.Web.Models.RelayChartModel.Labels">
            <summary>
            labels for chart
            </summary>
        </member>
        <member name="P:AquaMonitor.Web.Models.RelayChartModel.DataSets">
            <summary>
            Datasets to display
            </summary>
        </member>
        <member name="M:AquaMonitor.Web.Models.RelayChartModel.#ctor">
            <summary>
            Create instance of the temp chart model
            </summary>
        </member>
        <member name="M:AquaMonitor.Web.Models.RelayChartModel.#ctor(System.Collections.Generic.IEnumerable{AquaMonitor.Data.Models.HistoryRecord},System.TimeSpan)">
            <summary>
            Create instance of the temp chart model with data
            </summary>
            <param name="records"></param>
            <param name="range"></param>
        </member>
        <member name="T:AquaMonitor.Web.Models.RelayRequestMessageModel">
            <summary>
            Relay Request Message
            </summary>
        </member>
        <member name="P:AquaMonitor.Web.Models.RelayRequestMessageModel.Relay">
            <summary>
            a or b
            </summary>
        </member>
        <member name="P:AquaMonitor.Web.Models.RelayRequestMessageModel.State">
            <summary>
            on or off
            </summary>
        </member>
        <member name="T:AquaMonitor.Web.Models.SettingsRequestMessageModel">
            <summary>
            Settings Request Message
            </summary>
        </member>
        <member name="P:AquaMonitor.Web.Models.SettingsRequestMessageModel.TempPin">
            <summary>
            Temperature Pin #
            </summary>
        </member>
        <member name="P:AquaMonitor.Web.Models.SettingsRequestMessageModel.TempType">
            <summary>
            Temperature Type (DHT11 or DHT22)
            </summary>
        </member>
        <member name="P:AquaMonitor.Web.Models.SettingsRequestMessageModel.DataCollectionRate">
            <summary>
            Data collection rate in seconds (60 = 1 minute)
            </summary>
        </member>
        <member name="P:AquaMonitor.Web.Models.SettingsRequestMessageModel.Zipcode">
            <summary>
            Zipcode for weather API
            </summary>
        </member>
        <member name="P:AquaMonitor.Web.Models.SettingsRequestMessageModel.Country">
            <summary>
            Country for weather API
            </summary>
        </member>
        <member name="P:AquaMonitor.Web.Models.SettingsRequestMessageModel.APIKey">
            <summary>
            API Key for weather API
            </summary>
        </member>
        <member name="P:AquaMonitor.Web.Models.SettingsRequestMessageModel.More_TempOffset">
            <summary>
            Temperature Offset
            </summary>
        </member>
        <member name="P:AquaMonitor.Web.Models.SettingsRequestMessageModel.More_CameraJPGUrl">
            <summary>
            Camera JPG url
            </summary>
        </member>
        <member name="T:AquaMonitor.Web.Models.SystemRequestMessageModel">
            <summary>
            System Request Message
            </summary>
        </member>
        <member name="P:AquaMonitor.Web.Models.SystemRequestMessageModel.State">
            <summary>
            on or off
            </summary>
        </member>
        <member name="T:AquaMonitor.Web.Models.TempChartModel">
            <summary>
            Temperature chart model
            </summary>
        </member>
        <member name="P:AquaMonitor.Web.Models.TempChartModel.Labels">
            <summary>
            labels for chart
            </summary>
        </member>
        <member name="P:AquaMonitor.Web.Models.TempChartModel.DataSets">
            <summary>
            Datasets to display
            </summary>
        </member>
        <member name="M:AquaMonitor.Web.Models.TempChartModel.#ctor">
            <summary>
            Create instance of the temp chart model
            </summary>
        </member>
        <member name="M:AquaMonitor.Web.Models.TempChartModel.#ctor(System.Collections.Generic.IEnumerable{AquaMonitor.Data.Models.HistoryRecord},System.TimeSpan)">
            <summary>
            Create instance of the temp chart model with data
            </summary>
            <param name="records"></param>
            <param name="range"></param>
        </member>
        <member name="T:AquaMonitor.Web.Models.WaterChartModel">
            <summary>
            Relay chart model
            </summary>
        </member>
        <member name="P:AquaMonitor.Web.Models.WaterChartModel.Labels">
            <summary>
            labels for chart
            </summary>
        </member>
        <member name="P:AquaMonitor.Web.Models.WaterChartModel.DataSets">
            <summary>
            Datasets to display
            </summary>
        </member>
        <member name="M:AquaMonitor.Web.Models.WaterChartModel.#ctor">
            <summary>
            Create instance of the temp chart model
            </summary>
        </member>
        <member name="M:AquaMonitor.Web.Models.WaterChartModel.#ctor(System.Collections.Generic.IEnumerable{AquaMonitor.Data.Models.HistoryRecord},System.TimeSpan)">
            <summary>
            Create instance of the temp chart model with data
            </summary>
            <param name="records"></param>
            <param name="range"></param>
        </member>
        <member name="T:AquaMonitor.Web.Models.WaterLevelRequestMessageModel">
            <summary>
            Water level request model
            </summary>
        </member>
        <member name="P:AquaMonitor.Web.Models.WaterLevelRequestMessageModel.WaterLevels">
            <summary>
            List of water levels
            </summary>
        </member>
        <member name="T:AquaMonitor.Web.Models.WaterLevelModel">
            <summary>
            Model to change water level settings
            </summary>
        </member>
        <member name="P:AquaMonitor.Web.Models.WaterLevelModel.Id">
            <summary>
            ID of water level
            </summary>
        </member>
        <member name="P:AquaMonitor.Web.Models.WaterLevelModel.Name">
            <summary>
            Logical name of water level
            </summary>
        </member>
        <member name="P:AquaMonitor.Web.Models.WaterLevelModel.Pin">
            <summary>
            GPIO Pin
            </summary>
            <value></value>
        </member>
        <member name="M:AquaMonitor.Web.Models.WaterLevelModel.ToWaterLevel">
            <summary>
            Converts model to DbModel
            </summary>
            <returns></returns>
        </member>
        <member name="M:AquaMonitor.Web.Models.WaterLevelModel.UpdateWaterLevel(AquaMonitor.Data.Models.WaterLevel)">
            <summary>
            Updates Db Model from view Model
            </summary>
            <param name="fromDb"></param>
        </member>
        <member name="T:AquaMonitor.Web.Models.WeatherResult">
            <summary>
            Results from weather API
            </summary>
        </member>
        <member name="P:AquaMonitor.Web.Models.WeatherResult.Coord">
            <summary>
            Longitude and Latitude
            </summary>
        </member>
        <member name="P:AquaMonitor.Web.Models.WeatherResult.Weather">
            <summary>
            Primary weather state
            </summary>
        </member>
        <member name="P:AquaMonitor.Web.Models.WeatherResult.Main">
            <summary>
            Primary temperature
            </summary>
        </member>
        <member name="P:AquaMonitor.Web.Models.WeatherResult.Visibility">
            <summary>
            Visibility distance
            </summary>
        </member>
        <member name="P:AquaMonitor.Web.Models.WeatherResult.Wind">
            <summary>
            Wind speeds
            </summary>
        </member>
        <member name="P:AquaMonitor.Web.Models.WeatherResult.Clouds">
            <summary>
            Cloud coverage percentage
            </summary>
        </member>
        <member name="P:AquaMonitor.Web.Models.WeatherResult.Dt">
            <summary>
            Time of day calculations were made
            </summary>
        </member>
        <member name="P:AquaMonitor.Web.Models.WeatherResult.Sys">
            <summary>
            Sunrise and fall details
            </summary>
        </member>
        <member name="P:AquaMonitor.Web.Models.WeatherResult.Timezone">
            <summary>
            Timezone
            </summary>
        </member>
        <member name="P:AquaMonitor.Web.Models.WeatherResult.Id">
            <summary>
            City ID
            </summary>
        </member>
        <member name="P:AquaMonitor.Web.Models.WeatherResult.Name">
            <summary>
            City Name
            </summary>
        </member>
        <member name="P:AquaMonitor.Web.Models.WeatherResult.Temp">
            <summary>
            Returns current Temperature
            </summary>
        </member>
        <member name="P:AquaMonitor.Web.Models.WeatherResult.TempMin">
            <summary>
            Returns today's low Temperature
            </summary>
        </member>
        <member name="P:AquaMonitor.Web.Models.WeatherResult.TempMax">
            <summary>
            Returns a today's high Temperature
            </summary>
        </member>
        <member name="P:AquaMonitor.Web.Models.WeatherResult.TempFeelsLike">
            <summary>
            Returns current Feels Like Temperature
            </summary>
        </member>
        <member name="T:AquaMonitor.Web.Models.Clouds">
            <summary>
            Cloud results
            </summary>
        </member>
        <member name="P:AquaMonitor.Web.Models.Clouds.All">
            <summary>
            Cloud coverage 0 - 100
            </summary>
        </member>
        <member name="T:AquaMonitor.Web.Models.Coord">
            <summary>
            Coordinates
            </summary>
        </member>
        <member name="P:AquaMonitor.Web.Models.Coord.Lon">
            <summary>
            Longitude
            </summary>
        </member>
        <member name="P:AquaMonitor.Web.Models.Coord.Lat">
            <summary>
            Latitude
            </summary>
        </member>
        <member name="T:AquaMonitor.Web.Models.Main">
            <summary>
            Main temperature weather
            </summary>
        </member>
        <member name="P:AquaMonitor.Web.Models.Main.Temp">
            <summary>
            Temp in celcius
            </summary>
        </member>
        <member name="P:AquaMonitor.Web.Models.Main.FeelsLike">
            <summary>
            What it feels like factoring things like humdiity
            </summary>
        </member>
        <member name="P:AquaMonitor.Web.Models.Main.TempMin">
            <summary>
            Low temp
            </summary>
        </member>
        <member name="P:AquaMonitor.Web.Models.Main.TempMax">
            <summary>
            High temp
            </summary>
        </member>
        <member name="P:AquaMonitor.Web.Models.Main.Pressure">
            <summary>
            Pressure in hPa
            </summary>
        </member>
        <member name="P:AquaMonitor.Web.Models.Main.Humidity">
            <summary>
            Humidity 0 - 100  (%)
            </summary>
        </member>
        <member name="T:AquaMonitor.Web.Models.Sys">
            <summary>
            Sunrise Information
            </summary>
        </member>
        <member name="P:AquaMonitor.Web.Models.Sys.UnixSunrise">
            <summary>
            Sunrise unix time UTC
            </summary>
        </member>
        <member name="P:AquaMonitor.Web.Models.Sys.UnixSunset">
            <summary>
            Sunset unixtime UTC
            </summary>
        </member>
        <member name="P:AquaMonitor.Web.Models.Sys.Sunrise">
            <summary>
            Sunrise
            </summary>
        </member>
        <member name="P:AquaMonitor.Web.Models.Sys.Sunset">
            <summary>
            Sunrise
            </summary>
        </member>
        <member name="T:AquaMonitor.Web.Models.Weather">
            <summary>
            Weather details
            </summary>
        </member>
        <member name="P:AquaMonitor.Web.Models.Weather.Main">
            <summary>
            Main weather e.g. Rain, snow, clouds
            </summary>
        </member>
        <member name="P:AquaMonitor.Web.Models.Weather.Description">
            <summary>
            Description of weather
            </summary>
        </member>
        <member name="P:AquaMonitor.Web.Models.Weather.Icon">
            <summary>
            Icon of weather
            </summary>
        </member>
        <member name="T:AquaMonitor.Web.Models.Wind">
            <summary>
            Wind data
            </summary>
        </member>
        <member name="P:AquaMonitor.Web.Models.Wind.Speed">
            <summary>
            Wind speed in meter/sec
            </summary>
        </member>
        <member name="M:AquaMonitor.Web.Models.Wind.SpeedMph">
            <summary>
            Returns wind speed in MPH
            </summary>
            <returns></returns>
        </member>
        <member name="T:AquaMonitor.Web.Program">
            <summary>
            Entry program
            </summary>
        </member>
        <member name="M:AquaMonitor.Web.Program.Main(System.String[])">
            <summary>
            Main entry point
            </summary>
            <param name="args"></param>
        </member>
        <member name="M:AquaMonitor.Web.Program.CreateHostBuilder(System.String[])">
            <summary>
            Host builder
            </summary>
            <param name="args"></param>
            <returns></returns>
        </member>
        <member name="T:AquaMonitor.Web.Services.AtmosphereService">
            <summary>
            Atmospheric information
            </summary>
        </member>
        <member name="M:AquaMonitor.Web.Services.AtmosphereService.#ctor(Microsoft.Extensions.Logging.ILogger{AquaMonitor.Web.Services.AtmosphereService},AquaMonitor.Data.Models.IGlobalState)">
            <summary>
            Service Constructor
            </summary>
            <param name="logger"></param>
            <param name="globalData"></param>
        </member>
        <member name="M:AquaMonitor.Web.Services.AtmosphereService.StartAsync(System.Threading.CancellationToken)">
            <summary>
            Starts service
            </summary>
            <param name="stoppingToken"></param>
            <returns></returns>
        </member>
        <member name="M:AquaMonitor.Web.Services.AtmosphereService.StopAsync(System.Threading.CancellationToken)">
            <summary>
            Stops service
            </summary>
            <param name="stoppingToken"></param>
            <returns></returns>
        </member>
        <member name="M:AquaMonitor.Web.Services.AtmosphereService.ProcessWork(System.Object)">
            <summary>
            Process work
            </summary>
            <param name="state"></param>
        </member>
        <member name="M:AquaMonitor.Web.Services.AtmosphereService.Dispose">
            <summary>
            Dispose Service
            </summary>
        </member>
        <member name="T:AquaMonitor.Web.Services.CameraService">
            <summary>
            Services to take frames from a camera stream
            </summary>
        </member>
        <member name="M:AquaMonitor.Web.Services.CameraService.#ctor(Microsoft.Extensions.Logging.ILogger{AquaMonitor.Web.Services.CameraService},AquaMonitor.Data.Models.IGlobalState)">
            <summary>
            CTor
            </summary>
            <param name="logger"></param>
            <param name="globalData"></param>
        </member>
        <member name="M:AquaMonitor.Web.Services.CameraService.StartAsync(System.Threading.CancellationToken)">
            <summary>
            Starts service
            </summary>
            <param name="stoppingToken"></param>
            <returns></returns>
        </member>
        <member name="M:AquaMonitor.Web.Services.CameraService.StopAsync(System.Threading.CancellationToken)">
            <summary>
            Stops service
            </summary>
            <param name="stoppingToken"></param>
            <returns></returns>
        </member>
        <member name="M:AquaMonitor.Web.Services.CameraService.ProcessWork(System.Object)">
            <summary>
            Process work
            </summary>
            <param name="state"></param>
        </member>
        <member name="M:AquaMonitor.Web.Services.CameraService.Dispose">
            <summary>
            Dispose Service
            </summary>
        </member>
        <member name="T:AquaMonitor.Web.Services.FoodService">
            <summary>
            Food Processor
            </summary>
        </member>
        <member name="M:AquaMonitor.Web.Services.FoodService.#ctor(Microsoft.Extensions.Logging.ILogger{AquaMonitor.Web.Services.FoodService},AquaMonitor.Data.Models.IGlobalState)">
            <summary>
            Service Constructor
            </summary>
            <param name="logger"></param>
            <param name="globalData"></param>
        </member>
        <member name="M:AquaMonitor.Web.Services.FoodService.StartAsync(System.Threading.CancellationToken)">
            <summary>
            Starts service
            </summary>
            <param name="stoppingToken"></param>
            <returns></returns>
        </member>
        <member name="M:AquaMonitor.Web.Services.FoodService.StopAsync(System.Threading.CancellationToken)">
            <summary>
            Stops service
            </summary>
            <param name="stoppingToken"></param>
            <returns></returns>
        </member>
        <member name="M:AquaMonitor.Web.Services.FoodService.ProcessWork(System.Object)">
            <summary>
            Process work
            </summary>
            <param name="state"></param>
        </member>
        <member name="M:AquaMonitor.Web.Services.FoodService.SpillFood(System.Int32,System.String)">
            <summary>
            Spills food
            </summary>
            <param name="turnTime"></param>
            <param name="pinCollection"></param>
            <returns></returns>
        </member>
        <member name="M:AquaMonitor.Web.Services.FoodService.Dispose">
            <summary>
            Dispose Service
            </summary>
        </member>
        <member name="T:AquaMonitor.Web.Services.NetworkHealthService">
            <summary>
            Service to maintain network health
            </summary>
        </member>
        <member name="M:AquaMonitor.Web.Services.NetworkHealthService.#ctor(Microsoft.Extensions.Logging.ILogger{AquaMonitor.Web.Services.NetworkHealthService})">
            <summary>
            Service Constructor
            </summary>
            <param name="logger"></param>
        </member>
        <member name="M:AquaMonitor.Web.Services.NetworkHealthService.StartAsync(System.Threading.CancellationToken)">
            <summary>
            Starts service
            </summary>
            <param name="stoppingToken"></param>
            <returns></returns>
        </member>
        <member name="M:AquaMonitor.Web.Services.NetworkHealthService.StopAsync(System.Threading.CancellationToken)">
            <summary>
            Stops service
            </summary>
            <param name="stoppingToken"></param>
            <returns></returns>
        </member>
        <member name="M:AquaMonitor.Web.Services.NetworkHealthService.ProcessWork(System.Object)">
            <summary>
            Process work
            </summary>
            <param name="state"></param>
        </member>
        <member name="M:AquaMonitor.Web.Services.NetworkHealthService.Dispose">
            <summary>
            Dispose Service
            </summary>
        </member>
        <member name="T:AquaMonitor.Web.Services.SkyService">
            <summary>
            Generates a sky image of time range
            </summary>
        </member>
        <member name="F:AquaMonitor.Web.Services.SkyService.lightSky">
            <summary>
            Light sky image
            </summary>
        </member>
        <member name="F:AquaMonitor.Web.Services.SkyService.darkSky">
            <summary>
            Dark sky image
            </summary>
        </member>
        <member name="M:AquaMonitor.Web.Services.SkyService.#ctor(Microsoft.Extensions.Hosting.IHostEnvironment)">
            <summary>
            CTOR
            </summary>
            <param name="env"></param>
        </member>
        <member name="M:AquaMonitor.Web.Services.SkyService.BuildSky(System.Nullable{System.DateTime},System.Nullable{System.DateTime})">
            <summary>
            Builds a sky
            </summary>
            <param name="start"></param>
            <param name="end"></param>
            <returns></returns>
        </member>
        <member name="M:AquaMonitor.Web.Services.SkyService.BuildSkyBytes(System.Nullable{System.DateTime},System.Nullable{System.DateTime})">
            <summary>
            Builds a sky into PNG
            </summary>
            <param name="start"></param>
            <param name="end"></param>
            <returns></returns>
        </member>
        <member name="T:AquaMonitor.Web.Services.SystemOperationsService">
            <summary>
            Service to track water levels
            </summary>
        </member>
        <member name="M:AquaMonitor.Web.Services.SystemOperationsService.#ctor(Microsoft.Extensions.Logging.ILogger{AquaMonitor.Web.Services.SystemOperationsService},AquaMonitor.Data.Models.IGlobalState,AquaMonitor.Web.Global.IPowerRelayService,AquaMonitor.Data.Context.AquaServiceDbContext)">
            <summary>
            Service Constructor
            </summary>
            <param name="logger"></param>
            <param name="globalData"></param>
            <param name="relayService"></param>
            <param name="dbContext"></param>
        </member>
        <member name="M:AquaMonitor.Web.Services.SystemOperationsService.StartAsync(System.Threading.CancellationToken)">
            <summary>
            Starts service
            </summary>
            <param name="stoppingToken"></param>
            <returns></returns>
        </member>
        <member name="M:AquaMonitor.Web.Services.SystemOperationsService.StopAsync(System.Threading.CancellationToken)">
            <summary>
            Stops service
            </summary>
            <param name="stoppingToken"></param>
            <returns></returns>
        </member>
        <member name="M:AquaMonitor.Web.Services.SystemOperationsService.ProcessWork(System.Object)">
            <summary>
            Process work
            </summary>
            <param name="state"></param>
        </member>
        <member name="M:AquaMonitor.Web.Services.SystemOperationsService.ProcessRelay(AquaMonitor.Data.Models.RelayLocation,System.DateTime)">
            <summary>
            Process RelayA cycle
            </summary>
        </member>
        <member name="M:AquaMonitor.Web.Services.SystemOperationsService.Dispose">
            <summary>
            Dispose Service
            </summary>
        </member>
        <member name="T:AquaMonitor.Web.Services.WaterLevelService">
            <summary>
            Service to track water levels
            </summary>
        </member>
        <member name="M:AquaMonitor.Web.Services.WaterLevelService.#ctor(Microsoft.Extensions.Logging.ILogger{AquaMonitor.Web.Services.WaterLevelService},AquaMonitor.Data.Models.IGlobalState)">
            <summary>
            Service Constructor
            </summary>
            <param name="logger"></param>
            <param name="globalData"></param>
        </member>
        <member name="M:AquaMonitor.Web.Services.WaterLevelService.StartAsync(System.Threading.CancellationToken)">
            <summary>
            Starts service
            </summary>
            <param name="stoppingToken"></param>
            <returns></returns>
        </member>
        <member name="M:AquaMonitor.Web.Services.WaterLevelService.StopAsync(System.Threading.CancellationToken)">
            <summary>
            Stops service
            </summary>
            <param name="stoppingToken"></param>
            <returns></returns>
        </member>
        <member name="M:AquaMonitor.Web.Services.WaterLevelService.ProcessWork(System.Object)">
            <summary>
            Process work
            </summary>
            <param name="state"></param>
        </member>
        <member name="M:AquaMonitor.Web.Services.WaterLevelService.Dispose">
            <summary>
            Dispose Service
            </summary>
        </member>
        <member name="T:AquaMonitor.Web.Services.WeatherServices">
            <summary>
            Weather Service
            </summary>
        </member>
        <member name="M:AquaMonitor.Web.Services.WeatherServices.#ctor(Microsoft.Extensions.Logging.ILogger{AquaMonitor.Web.Services.WeatherServices},AquaMonitor.Data.Models.IGlobalState)">
            <summary>
            Service Constructor
            </summary>
            <param name="logger"></param>
            <param name="globalData"></param>
        </member>
        <member name="M:AquaMonitor.Web.Services.WeatherServices.StartAsync(System.Threading.CancellationToken)">
            <summary>
            Starts service
            </summary>
            <param name="stoppingToken"></param>
            <returns></returns>
        </member>
        <member name="M:AquaMonitor.Web.Services.WeatherServices.StopAsync(System.Threading.CancellationToken)">
            <summary>
            Stops service
            </summary>
            <param name="stoppingToken"></param>
            <returns></returns>
        </member>
        <member name="M:AquaMonitor.Web.Services.WeatherServices.ProcessWork(System.Object)">
            <summary>
            Process work
            </summary>
            <param name="state"></param>
        </member>
        <member name="M:AquaMonitor.Web.Services.WeatherServices.Dispose">
            <summary>
            Dispose Service
            </summary>
        </member>
        <member name="T:AquaMonitor.Web.Startup">
            <summary>
            Startup
            </summary>
        </member>
        <member name="M:AquaMonitor.Web.Startup.#ctor(Microsoft.Extensions.Configuration.IConfiguration)">
            <summary>
            Main entry
            </summary>
            <param name="configuration"></param>
        </member>
        <member name="P:AquaMonitor.Web.Startup.Configuration">
            <summary>
            Configuration
            </summary>
        </member>
        <member name="M:AquaMonitor.Web.Startup.ConfigureServices(Microsoft.Extensions.DependencyInjection.IServiceCollection)">
            <summary>
            Service Build up
            </summary>
            <param name="services"></param>
        </member>
        <member name="M:AquaMonitor.Web.Startup.Configure(Microsoft.AspNetCore.Builder.IApplicationBuilder,Microsoft.AspNetCore.Hosting.IWebHostEnvironment,Microsoft.AspNetCore.Identity.UserManager{AquaMonitor.Data.Models.AppUser})">
            <summary>
            HTTP Pipeline
            </summary>
            <param name="app"></param>
            <param name="env"></param>
            <param name="userManager"></param>
        </member>
    </members>
</doc>
